{"iteration": 0, "rpn/num_neg_anchors": 252.5, "rpn/num_pos_anchors": 3.5}
{"data_time": 8.553365599975223, "fast_rcnn/cls_accuracy": 0.001953125, "fast_rcnn/false_negative": 0.0, "fast_rcnn/fg_cls_accuracy": 0.0, "iteration": 0, "loss_box_reg": 0.019712435081601143, "loss_cls": 2.3260819911956787, "loss_rpn_cls": 0.15789811313152313, "loss_rpn_loc": 0.010743189603090286, "lr": 1e-06, "rank_data_time": 8.553365599975223, "roi_head/num_bg_samples": 509.0, "roi_head/num_fg_samples": 3.0, "rpn/num_neg_anchors": 252.0, "rpn/num_pos_anchors": 4.0, "total_loss": 2.5144357290118933}
{"fast_rcnn/cls_accuracy": 0.0107421875, "fast_rcnn/false_negative": 0.0, "fast_rcnn/fg_cls_accuracy": 0.5, "iteration": 0, "roi_head/num_bg_samples": 511.0, "roi_head/num_fg_samples": 1.0, "rpn/num_neg_anchors": 253.0, "rpn/num_pos_anchors": 3.0}
{"fast_rcnn/cls_accuracy": 0.17578125, "fast_rcnn/false_negative": 0.2, "fast_rcnn/fg_cls_accuracy": 0.0, "iteration": 0, "roi_head/num_bg_samples": 509.5, "roi_head/num_fg_samples": 2.5, "rpn/num_neg_anchors": 251.0, "rpn/num_pos_anchors": 5.0}
{"eta_seconds": 91845.34045152279, "fast_rcnn/cls_accuracy": 0.0185546875, "fast_rcnn/false_negative": 0.0, "fast_rcnn/fg_cls_accuracy": 0.0, "iteration": 4, "roi_head/num_bg_samples": 509.5, "roi_head/num_fg_samples": 2.5, "rpn/num_neg_anchors": 251.0, "rpn/num_pos_anchors": 5.0}
{"data_time": 0.005952899999101646, "iteration": 3, "loss_box_reg": 0.012586242984980345, "loss_cls": 2.202854871749878, "loss_rpn_cls": 0.21836334466934204, "loss_rpn_loc": 0.011989434715360403, "lr": 3.997e-06, "rank_data_time": 0.005952899999101646, "time": 36.811759700009134, "total_loss": 2.477643715683371}
{"data_time": 0.013434599997708574, "eta_seconds": 65887.43422398344, "fast_rcnn/cls_accuracy": 0.23974609375, "fast_rcnn/false_negative": 0.53125, "fast_rcnn/fg_cls_accuracy": 0.0, "iteration": 19, "loss_box_reg": 0.011566665954887867, "loss_cls": 2.059337854385376, "loss_rpn_cls": 0.09558822959661484, "loss_rpn_loc": 0.01272018114104867, "lr": 1.9981e-05, "rank_data_time": 0.013434599997708574, "roi_head/num_bg_samples": 509.5, "roi_head/num_fg_samples": 2.5, "rpn/num_neg_anchors": 252.25, "rpn/num_pos_anchors": 3.75, "time": 26.56751379999332, "total_loss": 2.1808397630229592}
{"data_time": 0.03585685000871308, "eta_seconds": 64983.37943399849, "fast_rcnn/cls_accuracy": 0.98583984375, "fast_rcnn/false_negative": 1.0, "fast_rcnn/fg_cls_accuracy": 0.0, "iteration": 39, "loss_box_reg": 0.035878321155905724, "loss_cls": 1.1826531887054443, "loss_rpn_cls": 0.1368812993168831, "loss_rpn_loc": 0.012031638529151678, "lr": 3.996099999999999e-05, "rank_data_time": 0.03585685000871308, "roi_head/num_bg_samples": 506.5, "roi_head/num_fg_samples": 5.5, "rpn/num_neg_anchors": 251.5, "rpn/num_pos_anchors": 4.5, "time": 26.241590250006993, "total_loss": 1.387750812136801}
{"data_time": 0.02522044998477213, "eta_seconds": 64574.916468022275, "fast_rcnn/cls_accuracy": 0.9873046875, "fast_rcnn/false_negative": 1.0, "fast_rcnn/fg_cls_accuracy": 0.0, "iteration": 59, "loss_box_reg": 0.03949271887540817, "loss_cls": 0.22416775673627853, "loss_rpn_cls": 0.12312478944659233, "loss_rpn_loc": 0.012176666408777237, "lr": 5.9940999999999994e-05, "rank_data_time": 0.02522044998477213, "roi_head/num_bg_samples": 505.5, "roi_head/num_fg_samples": 6.5, "rpn/num_neg_anchors": 252.0, "rpn/num_pos_anchors": 4.0, "time": 27.037455150013557, "total_loss": 0.42606058763340116}
{"data_time": 0.023109500005375594, "eta_seconds": 64392.796270002436, "fast_rcnn/cls_accuracy": 0.99462890625, "fast_rcnn/false_negative": 1.0, "fast_rcnn/fg_cls_accuracy": 0.0, "iteration": 79, "loss_box_reg": 0.013852186035364866, "loss_cls": 0.0894256979227066, "loss_rpn_cls": 0.18305246531963348, "loss_rpn_loc": 0.014726482331752777, "lr": 7.992100000000001e-05, "rank_data_time": 0.023109500005375594, "roi_head/num_bg_samples": 509.25, "roi_head/num_fg_samples": 2.75, "rpn/num_neg_anchors": 251.75, "rpn/num_pos_anchors": 4.25, "time": 27.397751550000976, "total_loss": 0.30515615138574503}
{"data_time": 0.03093140001874417, "eta_seconds": 64449.13488000166, "fast_rcnn/cls_accuracy": 0.9892578125, "fast_rcnn/false_negative": 1.0, "fast_rcnn/fg_cls_accuracy": 0.0, "iteration": 99, "loss_box_reg": 0.035505386069417, "loss_cls": 0.08906153216958046, "loss_rpn_cls": 0.09340968355536461, "loss_rpn_loc": 0.011893460992723703, "lr": 9.9901e-05, "rank_data_time": 0.03093140001874417, "roi_head/num_bg_samples": 506.5, "roi_head/num_fg_samples": 5.5, "rpn/num_neg_anchors": 251.75, "rpn/num_pos_anchors": 4.25, "time": 30.432169649997377, "total_loss": 0.3133006477728486}
{"data_time": 0.024877500007278286, "eta_seconds": 65901.62047002581, "fast_rcnn/cls_accuracy": 0.984375, "fast_rcnn/false_negative": 1.0, "fast_rcnn/fg_cls_accuracy": 0.0, "iteration": 119, "loss_box_reg": 0.05864293873310089, "loss_cls": 0.12708812952041626, "loss_rpn_cls": 0.07575707510113716, "loss_rpn_loc": 0.010889701545238495, "lr": 0.00011988100000000001, "rank_data_time": 0.024877500007278286, "roi_head/num_bg_samples": 504.0, "roi_head/num_fg_samples": 8.0, "rpn/num_neg_anchors": 251.75, "rpn/num_pos_anchors": 4.25, "time": 30.5101058500004, "total_loss": 0.2733638915233314}
{"data_time": 0.08961865000310354, "eta_seconds": 67519.18334198825, "fast_rcnn/cls_accuracy": 0.98828125, "fast_rcnn/false_negative": 1.0, "fast_rcnn/fg_cls_accuracy": 0.0, "iteration": 139, "loss_box_reg": 0.04399241507053375, "loss_cls": 0.10511448234319687, "loss_rpn_cls": 0.05794978514313698, "loss_rpn_loc": 0.010839620605111122, "lr": 0.000139861, "rank_data_time": 0.08961865000310354, "roi_head/num_bg_samples": 506.0, "roi_head/num_fg_samples": 6.0, "rpn/num_neg_anchors": 252.0, "rpn/num_pos_anchors": 4.0, "time": 47.38246939999226, "total_loss": 0.22371778910746798}
{"data_time": 0.16940229998726863, "fast_rcnn/cls_accuracy": 0.98779296875, "fast_rcnn/false_negative": 1.0, "fast_rcnn/fg_cls_accuracy": 0.0, "iteration": 144, "loss_box_reg": 0.05313469469547272, "loss_cls": 0.10511448234319687, "loss_rpn_cls": 0.05794978514313698, "loss_rpn_loc": 0.009520177729427814, "lr": 0.00014485599999999998, "rank_data_time": 0.16940229998726863, "roi_head/num_bg_samples": 505.75, "roi_head/num_fg_samples": 6.25, "rpn/num_neg_anchors": 252.0, "rpn/num_pos_anchors": 4.0, "time": 51.99836779999896, "total_loss": 0.23194441775558516}
{"eta_seconds": 68842.9449201813, "iteration": 145}
{"iteration": 0, "roi_head/num_bg_samples": 511.0, "roi_head/num_fg_samples": 1.0, "rpn/num_neg_anchors": 252.5, "rpn/num_pos_anchors": 3.5}
{"data_time": 12.267246799980057, "fast_rcnn/cls_accuracy": 0.0107421875, "fast_rcnn/false_negative": 0.0, "fast_rcnn/fg_cls_accuracy": 0.8, "iteration": 0, "loss_box_reg": 0.013938942924141884, "loss_cls": 2.361586332321167, "loss_rpn_cls": 0.29329878091812134, "loss_rpn_loc": 0.01879456453025341, "lr": 1e-06, "rank_data_time": 12.267246799980057, "roi_head/num_bg_samples": 509.5, "roi_head/num_fg_samples": 2.5, "rpn/num_neg_anchors": 250.0, "rpn/num_pos_anchors": 6.0, "total_loss": 2.6876186206936836}
{"fast_rcnn/cls_accuracy": 0.056640625, "fast_rcnn/false_negative": 0.0, "fast_rcnn/fg_cls_accuracy": 0.0, "iteration": 0, "roi_head/num_bg_samples": 511.0, "roi_head/num_fg_samples": 1.0, "rpn/num_neg_anchors": 253.0, "rpn/num_pos_anchors": 3.0}
{"fast_rcnn/cls_accuracy": 0.0009765625, "fast_rcnn/false_negative": 0.0, "fast_rcnn/fg_cls_accuracy": 0.5, "iteration": 0, "roi_head/num_bg_samples": 511.0, "roi_head/num_fg_samples": 1.0, "rpn/num_neg_anchors": 252.0, "rpn/num_pos_anchors": 4.0}
